zoneNum,lNodeID,P_load1,P_load2,P_load3,P_load4
1,2,"[-19.666702161905338, -9.623813994373418, -16.18111237072485, -11.11220196879453, -5.508525230030758, -7.251088339487639, -9.273015014957101, -18.82577424555429, -2.1511994421062104, -2.718736746906642, -15.020927966587838, -2.9631670104828247, -0.6964978117546151, -7.606844325656538, -20.18821256749177, -20.819709107135235, -16.797789750631832, -3.983137615758604, -6.445395507910761, -3.2583623390060095, -19.389751741675234, -7.7006281493677395, -2.8600229197804596, -20.422588044493146]","[-9.973115583758354, -4.622308725881027, -8.100461537805558, -8.888329152770313, -10.352627997891316, -9.177961643509002, -6.36622340102163, -1.3216671214899898, -8.566000837537418, -6.7189579960303725, -5.182451650724266, -8.725498702664286, -1.340388591677215, -8.02921981694155, -7.65735844474216, -10.762774460005023, -8.720113934057437, -3.2362545301792656, -5.345338128097385, -1.9514035187111995, -6.940912139081322, -2.4704103239484425, -2.9057325026111975, -9.0161286456496]","[-10.98879384949894, -0.542129221958433, -8.601167178592107, -11.452072657722967, -11.118425185477102, -12.339758079763666, -9.306380293354872, -8.772684092346731, -9.429610275996644, -15.83808454057957, -14.975960531431227, -1.0906052931838854, -1.2726343974952226, -1.1558845647484752, -8.87242149158208, -6.58542673380677, -14.50900443927505, -8.226380063783806, -7.941411388152517, -11.321214196654163, -12.437998072118388, -4.541510352919068, -14.009520664330934, -13.563138468125027]","[-1.4419479932039407, -3.6115456795675023, -4.532911773314407, -1.8332494837000166, -3.2252374583123458, -4.285160000769021, -1.3122091138579335, -2.4779474731361915, -0.8199688736771426, -1.9762614432737082, -3.315132233803149, -2.313867815197119, -1.0700176091753943, -3.65304664438131, -4.256833986229388, -4.589459122104996, -3.1536181628051403, -3.5032347628163234, -0.9183636737880081, -4.5048698999669075, -0.0083173023866788, -4.871624469488526, -2.888693536167827, -2.264330902549337]"
1,3,"[-14.496307533448709, -47.9089041947837, -81.26109175485395, -19.189879207063612, -46.42338239545607, -25.30922336090224, -50.916461794211216, -82.19658718861803, -3.848846550070455, -17.851408419443537, -5.340019710843148, -20.344690181997226, -5.846510582557131, -68.9336198467033, -6.617852565060516, -86.3517791236524, -83.0480913021434, -83.24843323802254, -67.17779592079553, -87.23822187139572, -91.68788178274467, -75.01855262125201, -44.81333988663772, -64.79936620378814]","[-11.209869611080505, -33.36599094479239, -22.1548012511646, -14.141381855580969, -44.72842853537779, -22.422703472079625, -16.05022839639666, -25.258474823497263, -11.849596499491652, -18.28522822943736, -39.6298565544331, -1.1598416124646784, -6.2511027338876675, -30.810740335596876, -10.173055687976586, -24.57532702767278, -35.563268938588735, -41.56421300142561, -27.37118103233331, -18.284174243369584, -43.85091044730863, -17.33080883377107, -43.236362176575554, -31.194092616849357]","[-59.55502437322388, -68.46118978011886, -40.18354341789689, -30.143784775218652, -41.863648120385626, -28.02526405614381, -35.87494277707088, -25.36442301885758, -47.45321159057008, -36.740407867448, -56.751128490438084, -7.2146226174197015, -13.841995295246118, -26.053857431012602, -23.352841644776294, -35.40300223357565, -8.905940203255463, -14.550317875084188, -17.328438508167583, -17.404949738437836, -29.227955827938857, -31.171170290930785, -45.4320908341992, -15.300492225126666]","[-22.43123729339272, -9.96163333231576, -15.813284759378758, -21.10993108141774, -11.896745718490711, -0.03994933538003408, -2.502563572585679, -17.409431075094677, -15.422935663302212, -20.551479298248697, -20.39132473733436, -22.971290001108034, -5.621406081230984, -11.133395610750172, -13.25347795296691, -20.838072237122198, -8.792809463317369, -7.928428851758391, -22.547767301863384, -4.720501485351581, -14.708473183598679, -15.314320423839836, -16.863642397731407, -13.132851917266334]"
1,4,"[-25.55653116480063, -24.940224425533767, -40.82566292692485, -45.74138791984754, -9.686865011164981, -26.841685888945722, -40.490012064135804, -20.68031897330435, -44.697606576572475, -28.819729958673012, -14.70046273544218, -28.745973716197582, -3.1234753873011267, -10.141428246952186, -17.368948599917434, -19.818354624958037, -35.49405555434426, -31.166992325925033, -26.53999231665088, -44.04260348936092, -11.552884376103338, -6.275022904908707, -0.4251882405142486, -10.449632731741687]","[-17.033791855544333, -8.209475186389, -12.301653771555214, -1.096685942142667, -2.556947937371012, -3.891510237395387, -19.782099643920976, -18.001052603795156, -12.635195442209932, -12.992427033474039, -11.218380294289505, -14.62586053165412, -12.080127754642652, -18.376401991017353, -18.223363649950763, -23.812077913044863, -11.315757364760511, -17.217263763213342, -5.069073591698867, -8.178316482052033, -18.27528912967248, -13.66394902926656, -0.08093361592920596, -11.669316775850517]","[-1.6604855717946483, -9.242925306598895, -25.31966857343411, -11.813105858180844, -5.4766153497074175, -5.15178941136836, -16.5317780622725, -14.971032959154172, -22.228986922570982, -16.692867580294397, -34.62503321740391, -7.872035790835346, -15.836214226425883, -7.188280558750164, -23.243637758252177, -17.334533604125937, -23.81155910006364, -4.916154009795241, -17.948017666179, -31.76054476319045, -2.454644001154098, -25.607164162880768, -29.897291405496144, -7.96588687606919]","[-1.1862569426287648, -2.466555077029005, -11.282236660470852, -10.963606210713635, -10.954583637327572, -5.8336285608691805, -4.061662802219651, -7.9052365250366075, -9.068441346557519, -0.7670515980238931, -11.596982588658207, -5.314257448483666, -0.230529114088039, -1.9425104970676688, -9.49024413560901, -2.8472232139217217, -4.28556883360185, -9.899318372928784, -8.130206764981967, -8.1286853313653, -3.9527847715202853, -1.4335264404280075, -4.199385427466816, -0.32582199764920156]"
1,5,"[-5.567562631828191, -2.9277334387978833, -6.071899756474445, -6.30187814273883, -7.388727206370537, -0.46361431741352, -7.449943408298891, -1.7144274624807783, -6.667439060250622, -6.7928233896644965, -2.561245555461407, -1.913419311921311, -1.1115688684178426, -3.2980578417173674, -2.215984909848176, -6.291674427688372, -5.571057821534849, -0.5517713575804721, -4.247184365538863, -6.523319809878582, -6.616073800019347, -2.4982356865897692, -0.9714942077499217, -0.22878272459557256]","[-0.46708877056430254, -0.1641884341207526, -0.9886929336361989, -3.374503177746374, -3.4460830663052358, -3.4850183315095227, -2.0429607334930218, -0.8396154974564025, -0.503574237707612, -3.1612873657327847, -3.4800151084515902, -3.628772806801523, -1.9727182596650459, -0.29143426392755706, -3.335500782734592, -3.35219984229485, -1.519078522391424, -2.5313071461407093, -2.0954866226190414, -2.62977980232308, -0.05833212482515066, -0.2632402517659809, -0.8559411443675866, -0.05759873654995309]","[-4.698428531212117, -3.8240929982579193, -5.391344378476024, -0.5263819978791665, -2.961245398439871, -2.4559788905278412, -4.911626534419337, -0.15815484144483047, -3.058682722779057, -2.462802740455325, -3.7459583944466024, -2.4147670745435366, -3.8468149781617638, -1.9456469599967572, -1.5640167072061604, -4.721711607634846, -5.0651513277212965, -4.320004811357942, -4.690667020430778, -5.4683466582004625, -1.0155459073531405, -1.6243566450198195, -3.7488083834396173, -0.9530250134820805]","[-1.1504944638738541, -1.6303449996891213, -0.42552514582043055, -1.0159538683265108, -1.0260918595832869, -1.0619572553427734, -1.5917688360227138, -0.9438054232473492, -0.239207547948969, -1.8861970981220435, -0.26263930453873763, -1.5828033251079618, -0.04155119272820157, -1.0609165818763695, -1.3651126117353836, -1.0064100788190224, -1.2933163985140441, -1.3336716881502007, -1.8120002021892252, -0.29229794572317724, -1.5033097846016552, -1.205573077296556, -0.7448387257623386, -0.4042016339745037]"
1,6,"[-2.8562989074181564, -6.690898433313433, -8.173754368312649, -4.463276109897284, -9.732628160355366, -5.84659561945744, -8.599897562158999, -5.600380370494231, -10.744389502538931, -7.235610138124449, -7.774822869687009, -9.319401666062877, -9.225402544333894, -2.078867409732885, -9.110500198681281, -6.962829555786765, -10.809707330425427, -3.2926820711206854, -3.032287787126478, -6.244401279614712, -1.7640531917652496, -6.274524884516307, -6.061124398213641, -4.9466663307373855]","[-1.2593737116118802, -2.351216919927677, -1.3361607341136248, -1.8348676689265675, -5.441415130605198, -0.7767608395031649, -4.320754744735379, -1.4760573607388674, -2.4730965145420614, -3.1958047654810247, -3.833156538702056, -3.1577034725073, -4.123632390267111, -1.965102332726001, -4.138758696617889, -1.3684541405953765, -5.366952239175513, -0.47678393571107447, -4.588589662653461, -4.159223366245037, -4.637874185232813, -5.354690364947614, -4.62355065699444, -2.183347175848409]","[-4.481530594064211, -0.7195076872524521, -3.776385785862232, -2.9964713693401253, -0.09625977674827695, -2.9759516462447584, -0.8033985196087208, -6.25064904498646, -6.7760771839423395, -1.0851139236879386, -8.052658175841716, -7.482165280365192, -6.596753685416771, -3.257875775884782, -7.577395376878923, -1.5526332761639186, -4.609775946568392, -4.238997837166938, -3.129145110080529, -5.537768542088093, -3.5302041253228937, -3.120814782856058, -2.5914756552362457, -1.6144207010428]","[-0.601743936868408, -2.037269079835178, -0.8590560558884694, -1.610567359517209, -0.3493635592565142, -2.2350445988091323, -0.16766138912591527, -0.6620821683768902, -2.0353219236015803, -1.5259410551657169, -1.2488915605341457, -2.358533179217004, -0.8395124181024544, -2.5588532383783544, -2.22314034336072, -2.4425124031153445, -2.771520215369356, -2.5180814855824245, -0.09787885379710759, -1.3416789769426445, -1.6930249562338908, -1.1114954973061364, -1.9786039435348777, -0.5195346702548446]"
1,9,"[-2.073810746863505, -23.701670560759638, -13.618110488913953, -8.270311979078539, -11.988717352061805, -9.870924552192792, -13.26148864860543, -10.164023694644754, -22.002758286725644, -2.186056776343919, -22.392978648931834, -9.125940156395426, -29.143671974338968, -9.902620699066919, -12.705185238221263, -17.04873670335727, -16.87031272771562, -2.2663503213246123, -17.410585724976638, -28.550128000753826, -9.756032518034557, -6.325744287417764, -5.53588416740089, -20.188264195615076]","[-11.240836101264648, -1.9957850588125767, -1.5602235297424207, -3.7722428612063834, -10.259692863458875, -13.910409792109972, -1.4559656525364777, -3.379133326473495, -7.806767112899897, -12.674960332234606, -12.304249662983851, -8.377151629685953, -3.593925979842061, -4.241324221115534, -5.954589142727508, -4.7324530110903655, -5.563269696170015, -13.430684212366023, -8.352337730542212, -12.125790508295982, -1.551616923671727, -1.2869866493752684, -5.0507638968974105, -10.193143832291069]","[-18.057697279091187, -7.460408131719013, -16.117280305519618, -3.586603243319165, -2.305981849714567, -9.898725501874505, -7.877830737412474, -17.527710209444745, -9.386068498657803, -1.8167115288914326, -11.696663645833262, -1.4465296003550976, -21.301655239452103, -4.239985563297495, -16.902083769114352, -11.642683742722326, -1.995730082103467, -20.886185964171677, -10.63824389265175, -0.11516172865114352, -15.219060298628078, -10.072671099815828, -2.101733922274935, -13.013072603811878]","[-5.767849038730873, -6.168501999502233, -3.1658473196026726, -0.9372319622599496, -4.998357119897603, -6.068026136919948, -2.8149759864902233, -7.316094958891674, -2.7108717793393393, -0.8446717760282301, -2.6108435548247466, -6.451171992456188, -5.545828535618423, -5.944294095753623, -2.773797070178591, -0.6959006050582652, -1.8810182724085511, -2.0203451803599446, -1.4556186898909313, -7.334631060130454, -5.052860812429886, -2.7457128162252524, -0.3809075068438642, -1.8627023460266785]"
1,10,"[-4.18914173647232, -8.019150364700845, -5.931431718774814, -7.1729877703984375, -2.4962435806918006, -3.9987457375812374, -1.6626442757961222, -6.950489257165328, -8.61313738454568, -3.662901425441749, -7.8546823488026964, -4.773643467797699, -2.0345738915329434, -6.884050617645172, -7.764565572024147, -6.732366838096855, -2.324766134466417, -3.806172655743624, -6.49012120616514, -7.255495949188885, -4.464519507144518, -8.760211581410413, -8.32830638806666, -3.759026071594139]","[-1.1203171197582527, -3.538818688865629, -1.8576728466669499, -1.4498334485682842, -1.2954175362848115, -3.026267511043332, -3.211742136083143, -4.075272497827535, -4.355580454668757, -4.23629563241888, -1.0077184704139268, -0.2974521823676503, -0.8064559562987161, -0.022454350571700588, -1.3849290028632621, -2.9319232309074756, -1.5322935507501074, -2.825749861400073, -3.7671994074295383, -3.6529738964165714, -2.2237288447723746, -3.4193268519887385, -0.6843071382913266, -2.9280388294280018]","[-2.68902710919227, -1.0611186999183653, -5.662067912116295, -5.325540569060679, -1.249405820507957, -4.352039071363812, -5.503738582106092, -5.811311295104818, -6.525025232278542, -6.123427170635242, -0.05460634534792183, -1.5200932445290691, -6.23180082144543, -5.671917323928071, -3.3264294723683614, -6.078619368419794, -0.8261317315079303, -3.9069235490286345, -0.4963396471326371, -4.250330024282514, -0.32533722216202143, -0.11389703366560791, -3.691379352122297, -1.6235637644255079]","[-1.9540290672484788, -2.162095026168036, -0.8050576448571911, -1.7109476925533798, -0.17238992087510338, -0.8312351243284033, -2.1919342831490756, -0.5189539456676718, -1.9030847131594029, -1.3163490005969287, -0.6001176230299419, -0.42798955956049045, -1.014747763917784, -1.455831878624741, -1.4310583907963448, -1.5474917054199144, -0.822311025149383, -1.7263076578081205, -1.5131149326592737, -2.0311411066057516, -0.4197074902998059, -0.595543865538685, -1.2353696479072134, -1.3853069930945308]"
1,11,"[-0.9186521026785106, -1.6527370255273879, -0.44966676714387793, -0.17626011829490995, -0.7201879559775509, -3.2204637338289075, -1.3979926654293724, -1.8427844556098396, -1.7517899879067045, -2.3503615952835175, -3.0423068568322718, -2.3744168537964545, -1.172363945264801, -0.6516958158114463, -2.906047247955452, -3.257582380602751, -0.48947145590591323, -3.2208176694467223, -1.347632246995924, -1.6356087832109614, -1.0425742112195242, -1.068966690948597, -1.7699028308319464, -3.2511224631171687]","[-0.09739987002138739, -1.2013354136299992, -1.4334930095786003, -1.3086423970680272, -0.9029269987274098, -1.180056364097988, -1.5884012759929944, -0.5397887818276985, -1.4648141474403205, -1.5962456153257982, -1.1707297944966495, -0.23048431935345393, -1.2320678814404873, -0.037993589159825286, -1.2909718940161996, -1.3525034650322352, -1.4859824038806375, -0.5821201124214085, -1.0503323802579008, -0.6079412630355541, -1.2844583203975648, -1.088429090779047, -0.18109873897924245, -0.8429179107752041]","[-0.6567158159403292, -0.06457250309067492, -1.504009227083101, -1.1553423622548784, -2.5060353637234773, -2.5916833502227288, -1.4455275224152135, -1.3774631487750313, -1.5383826536721994, -0.9936013517754412, -1.648589518122307, -0.051064441520886725, -0.6758044052851837, -1.9467688950602726, -2.473007210687618, -2.2397642234254507, -1.767600664355775, -1.4362443717222662, -2.1958683599700817, -1.9463156083737576, -0.9084487386106619, -0.6699778556482141, -2.29073977600798, -1.3939271012893355]","[-0.00558092561563879, -0.2509729758444489, -0.6827106050345355, -0.47921350774930405, -0.5838774333778798, -0.052033718340746424, -0.10527343919465686, -0.3953806237972134, -0.3004140282970018, -0.6248861600249035, -0.029907222189742122, -0.8453114332602585, -0.6186472640802763, -0.3130852723587526, -0.12930911516601612, -0.7029841700640468, -0.08399553398040915, -0.47129240468817624, -0.6550442928931735, -0.6257530182194803, -0.05667046528405549, -0.3229568964743797, -0.09343853132829748, -0.8371051163599972]"
1,12,"[-4.558449578835306, -5.720469636815285, -2.637344955328961, -3.6254793989431398, -4.349845103854368, -1.9878244675424508, -0.9702576623549848, -5.265906867042956, -4.003607105741557, -3.4531099428090894, -0.7998891184304369, -1.4085943733001647, -1.4983501323129975, -0.2466006911774408, -1.6637938072264764, -2.731065547284709, -3.272717570024362, -0.5081409689977829, -4.262517442269192, -2.9185321848761845, -2.105507499683016, -1.3503711436008003, -3.954732205066364, -6.024911699753244]","[-0.23671239135431216, -0.6865118229435929, -0.12451141010782384, -2.460727720804698, -2.7727296166612687, -0.2728679004471774, -1.360716816504197, -1.4572420338372236, -0.07845741356052607, -0.6793179124309466, -1.2392641710208752, -0.8555676023476071, -1.200994346514435, -0.3987999386845371, -0.6326583891701575, -1.8036608327949677, -2.9559257322392245, -2.811782056487476, -1.0904446988995997, -2.65174617658077, -2.520736644123069, -0.9912889392799298, -2.0539086804743993, -1.9196833417487116]","[-3.4302418764811615, -0.5056744576081689, -2.5174100282015566, -1.6430592195148894, -0.2120676184328075, -1.765320525049138, -3.3199448175100383, -2.0136802332883867, -3.7157909275427627, -0.9337184360415781, -0.37302625649648463, -3.5981860076621945, -3.5081754992584218, -0.37135232999437884, -2.0263127803252323, -0.1754782444985141, -1.1132092529065623, -3.2864317011256183, -2.5448626708300135, -0.5681442857355427, -1.2486325432840548, -0.773063175891511, -2.147096533876061, -2.929400221185746]","[-0.8768286658617906, -0.4467244592692406, -1.4439239088645426, -0.30613752657162435, -0.11442259873251809, -0.2414708752340129, -0.18123311867172073, -0.20549921473112026, -0.33064413260185876, -0.4802988577344602, -0.5951679550822443, -0.1688602727185841, -1.066710094620446, -1.2438577110527036, -0.14817041151340918, -0.024566766339657917, -0.8081144557459139, -1.4872259632495137, -0.07651911982605, -1.3160350649858386, -0.19347318208752418, -0.008505651086072843, -0.49738661115099114, -0.43943003302877826]"
1,13,"[-12.03939088986804, -4.0987076600040036, -4.999575834779902, -11.929402178902787, -2.956291461684271, -7.771491679257167, -8.666061418943357, -7.961147096854447, -11.659058856362861, -1.012928274972514, -7.461440037849417, -4.746796920010125, -7.9659705197301, -4.341874373283453, -12.341171401643752, -9.908131055024256, -8.10303113301498, -3.8929336243620862, -1.8989087163146992, -10.238137558739195, -10.793663502183023, -5.53476347522491, -0.2938690579588107, -2.1366158666279045]","[-5.450773703181578, -6.485092099349311, -0.6514333325491769, -6.002058709361481, -4.627819577335142, -0.6666611117028842, -1.2905217781209644, -0.8273532778367143, -4.619047333856737, -1.5143712516557506, -5.178170479326294, -4.956321997581952, -0.8300896414045204, -2.40318836822961, -1.9930400452765804, -4.461149642981441, -0.7458039426350638, -1.6575588506157977, -6.339605672132798, -1.622367446809419, -2.635978902936484, -4.819704715625454, -4.939329488224579, -3.716230972261751]","[-4.935817123600146, -2.7077596137497912, -6.067312647068497, -1.9459468315392814, -6.148821379527938, -9.334829285421547, -4.551092643064168, -5.883947878476218, -7.714203668126726, -2.039589652148557, -3.9937847707396052, -8.38962006078634, -5.254244933493299, -3.4058038661692978, -9.75703091439752, -1.3043776814185446, -4.662892307200599, -3.6950717408400076, -9.877049695664466, -1.6514218897482593, -7.65388650541045, -3.63913909111732, -3.453973574814413, -6.44431704101391]","[-1.9702025056774966, -3.1181909023044834, -1.8751715097119663, -0.3468397473491218, -0.7505031011256701, -1.8567500505002414, -0.3139004390229583, -1.6521472667681447, -0.14998448954307014, -2.4882319917893945, -1.5131462804464468, -1.4405861499726713, -0.4749051574804298, -0.40247699725404934, -2.178749154470566, -1.716792736109974, -1.0025774516755281, -0.21466018288384459, -2.837205304209845, -1.480911769687606, -2.6876187997374372, -0.14427825079805956, -1.491581472396448, -1.895865868009757]"
1,14,"[-10.59445516881756, -4.66343548340243, -9.913906049924702, -7.001954780402552, -9.37709896440785, -1.7450438854254442, -12.593487701982975, -13.565315574166293, -5.0064051582857765, -13.145760882872539, -14.421498010205328, -0.3977216728740344, -8.959067268816858, -0.34113340580240825, -5.999936146398798, -0.7777890231168632, -3.498672167401273, -3.2072782675155844, -1.8092745009842353, -9.21643682608981, -8.107419357188139, -6.941174013770723, -9.361155931203127, -7.030106818957042]","[-5.628662186786285, -0.9071562506550982, -4.481926484114529, -2.756903044308985, -6.782751872357196, -3.663661378674582, -2.9421380793160865, -7.330286199621454, -5.2158125031703895, -1.5930094318408974, -4.799176865774883, -7.436272054511784, -0.5857773370057191, -0.6103547902277557, -1.4008292385689485, -4.521443401437937, -4.550185621002774, -5.334989409272385, -7.155998643803511, -3.212420685109869, -6.561042594706836, -6.297731405975817, -7.167258843116061, -3.226005640910383]","[-6.990201295820326, -10.135290122672954, -8.030002890735089, -10.439241708078308, -7.542329987234072, -9.796146581176872, -8.12281599850069, -11.102038207251361, -1.519555383825266, -5.352910551236372, -4.636072398760448, -4.623668823458596, -10.064994902716517, -6.654213065345831, -1.0078257594697997, -5.434432539875995, -11.141850410846297, -9.183754014345789, -10.445766129127412, -6.483259182690548, -11.000675117194987, -3.556752542599362, -8.968814327594302, -3.955030197827885]","[-3.1066400880945744, -0.9670835621882127, -2.976579613233242, -1.0724813176714472, -2.552998966282432, -1.8738303819159303, -3.7046109226745902, -1.0792503325036942, -3.600794553214033, -2.6475858558921757, -1.2711071037558201, -0.6949426706860711, -1.3793490638004278, -0.741487794291963, -2.298844394062149, -3.055794286898168, -1.4610480780743065, -3.084441444363687, -2.0004496788403103, -1.7238462374191, -1.5456595302662952, -0.6395361670061228, -3.52705928384874, -0.5780244419474128]"
2,2,"[-10.477660903542285, -20.265617900622672, -20.232322878558694, -1.7037744856814288, -18.159489151990673, -11.039053092375054, -17.21684238047338, -15.762945278823086, -15.59883866240897, -5.731848142888558, -6.2275351868659135, -16.14767634569543, -6.807172884813816, -12.533583857130587, -9.507478357078192, -12.74313598362041, -2.0817476801642, -18.793563551729225, -12.703234759200553, -6.331173717040337, -12.159366868030606, -15.63532438765755, -5.597607645630083, -15.659271859461935]","[-2.9325662693236163, -10.47279661133584, -0.13091869195035083, -1.6893934967146567, -6.568197270130976, -6.793717391853957, -1.6160345323929228, -4.928574492917697, -8.767930488049398, -5.605244486630687, -6.572747700753822, -3.330647192323719, -10.153293441169977, -1.092640221984023, -4.584672717584081, -8.470890197890943, -3.4919111090987682, -6.883430312382176, -7.730224160758991, -2.334078843888019, -6.229360013596899, -5.604614942034394, -3.1843881750412346, -4.004130506286241]","[-12.52941193268628, -7.5542391361036625, -8.27645153970537, -4.748559056127375, -2.4289107139938237, -10.115532684774607, -9.990118433745911, -3.6915182266149276, -3.332718665295076, -13.856318996313462, -3.156228678747545, -13.957659210307183, -4.656674553959014, -13.230740410022666, -9.932657589093406, -3.4071811361284907, -8.34245637020669, -6.462859929250656, -9.544516367773811, -11.566310905505746, -13.610975834678628, -15.95365109050992, -16.113340496346883, -8.94546251928338]","[-4.2222056745578636, -1.1584154729129732, -1.418244666039318, -4.703040631803159, -1.4786887025788877, -3.453043711419347, -0.11965251065921001, -3.152395762333114, -4.050557965125934, -3.539604328125997, -2.002537032704499, -1.0241606332995137, -0.2429491014123376, -5.251055323064919, -2.984954446893931, -4.921465862524091, -3.1482019583057874, -5.079300177629071, -4.991870532131354, -4.071053296567822, -4.501314832340035, -0.3913394394427925, -0.6637977198681044, -2.8001878894543775]"
2,3,"[-2.010741095970186, -1.8908536794699806, -0.7349413358404046, -1.9068920672185645, -0.1800728916451594, -1.7186660041924904, -1.1223484549627916, -1.2593392855196166, -1.822272206056523, -0.4391048850484663, -1.2132550090558778, -1.4348912640934177, -0.019286004180744862, -2.090086511063975, -0.6961249766036751, -0.647645872451312, -1.4629813272764303, -1.5043099774740831, -0.9834820410337791, -0.2035491918021435, -0.3666322912844553, -1.617261434650158, -1.472814703383078, -1.6201051180683665]","[-0.5653490958420402, -0.3254254930661012, -0.9901655347130431, -0.1219999006206434, -0.4537574856252826, -0.20984232228818409, -0.21001079068094444, -0.3036153861795972, -0.3427263867344331, -0.7914819943857414, -0.04322033430211456, -1.0209223290140026, -1.070681912514538, -0.8160047721008206, -0.36848896069594633, -0.9291541435196786, -0.5026164143045285, -0.6849227091251258, -0.5734375986819128, -0.9868724727465479, -0.6653914794468508, -0.0025051161365121644, -0.32031945613634255, -0.5355828565932151]","[-0.9586781962172783, -0.5960791385689389, -0.18639634254294052, -0.9770737116543842, -1.6146331539227292, -0.5039389010841262, -1.09012207879427, -0.37346887989746913, -0.26964840162964226, -0.47638947243498597, -0.4331547883471803, -0.724344047600333, -0.3758073458941767, -0.5727287026444877, -0.9857921713562335, -1.144698994194734, -1.3105781089361388, -0.7598410192111823, -1.789340788638199, -0.45564444115933966, -0.09141427016060684, -1.3538644870092829, -1.0135136687876, -1.60409974435515]","[-0.2293802386588747, -0.13146438954447595, -0.3274393961595074, -0.3150146326520414, -0.39995805846771054, -0.3778008977856935, -0.34632532579831743, -0.37160878912100903, -0.2099780238510844, -0.5668159168013376, -0.2560389746793372, -0.1617758033702434, -0.23163443373591008, -0.35079878010423954, -0.15366473809698875, -0.2905167953640208, -0.25393946809765044, -0.3410360994662235, -0.4266304090625657, -0.1452382836012686, -0.5411529899546126, -0.3681246160929314, -0.5320696803871516, -0.2359242826819791]"
2,4,"[-1.9133811752766332, -7.3201102716533235, -0.5206297234496291, -2.9543783114969067, -0.6170144291674514, -4.534897120759588, -0.6463664428294161, -0.21108656282574567, -0.29743953807726553, -5.7935445303575, -0.11812488133240011, -1.8264618578124854, -0.32219675851736135, -3.1843872136263176, -3.4881629051387, -2.6971369939784218, -2.350614513768426, -2.53659667067632, -3.7300092071240023, -4.152394662679126, -3.993376468552476, -1.0082571337890387, -3.7883631991487894, -2.471064186336511]","[-2.1156045845787075, -0.9999825416795212, -2.4280835121953963, -2.801277788887508, -1.8481672741715187, -2.6744974575820253, -0.04557299222868067, -3.7229467324517413, -0.4219467665981937, -2.3720628875101477, -1.4597717994721318, -2.74707268225068, -2.114602816863355, -1.1375684318487138, -1.7784380913404298, -2.0933818618020066, -2.8248809510478066, -2.1319498076263796, -0.12180904515463037, -1.3564569732712586, -0.6780080891545234, -0.85782165304158, -1.0035023426734815, -2.5945916552738106]","[-2.225432609295483, -0.3591347848531377, -0.676915245367666, -1.6304774172836127, -0.4778069746691404, -0.40405323694731254, -4.977924681285789, -4.6928265151960575, -5.047934147632508, -3.900797062413238, -4.756807697527458, -4.462569449544225, -1.9426792928533514, -0.6456949939466498, -1.8681872814239664, -0.9923501406295366, -0.7761930398215673, -4.78872169046899, -4.867649371664877, -2.271322781921639, -2.1874116604723053, -5.579415120540457, -4.540651344804301, -4.085745208722537]","[-0.3251249804938533, -1.6789283764215506, -0.7782687012949507, -1.1031708040606458, -1.8394748039821829, -1.5269403112973416, -0.412795805151753, -1.3205803558962983, -1.0725264430686405, -1.5889317881877165, -1.8192017809762626, -1.7141490487697528, -0.03624913446171003, -0.2450293549156152, -0.9092576900542482, -1.6626330033975072, -0.5858969367961884, -1.1337120199023163, -0.18442235259673043, -1.890149692930143, -0.6731724389530874, -0.06839669164198077, -1.7735036978208758, -0.8006531265893283]"
2,7,"[-4.321447227803203, -0.35096164904951466, -20.658642300004516, -15.1473413488107, -21.037411100702336, -2.0444998274498576, -14.071118207715466, -13.78652413562514, -14.28292884493798, -12.87427236605626, -18.821051070117175, -15.475611799524053, -16.823403914357463, -22.02794772570764, -5.344447094217872, -16.43321096936841, -4.103494681571107, -22.071875116869837, -15.931332893169003, -19.524116087097113, -13.179686977546039, -11.626575716208418, -6.424617122303149, -17.916973310360095]","[-10.586992087613202, -3.199077765451514, -9.293110213606944, -7.18171687758402, -6.6966059592774245, -2.5220801646533504, -5.83877305001784, -10.190266492825721, -0.872857716798992, -0.26672836633468266, -4.744056394896117, -7.182144121622922, -1.0199722437159926, -9.690514905333282, -6.907524588557004, -5.986151332057531, -8.081699877545594, -7.5272762488725204, -7.855585611606521, -6.520188322961105, -5.1951212055589595, -5.615006046282803, -7.196642445999568, -3.653747976659505]","[-4.259383525618768, -12.586103133900718, -15.110547702614076, -9.85262923283999, -10.019505438363698, -1.8228318729238677, -5.751698240660058, -15.749763732416746, -14.670646130767114, -13.582005531080224, -10.90783868783668, -10.403089587654765, -11.923279842238282, -0.5540199355376314, -15.275435306382121, -16.342497235750614, -0.4315745678704372, -6.707563502808976, -15.236437058729742, -15.043480482514365, -9.103823513015426, -7.207567668300993, -6.734817926207805, -0.09305629449491608]","[-2.805679917349989, -1.683386827504103, -4.96803906659025, -3.3365672902068586, -2.881386854286366, -4.468492053698645, -4.819025107049333, -4.252792954157739, -1.9343975904656583, -2.8153394904275864, -2.0844415383703723, -4.755479366315808, -0.887044412417037, -1.032124392447821, -1.879758455879029, -1.8186301514990926, -5.6446752285668484, -1.338535846347386, -3.449620202025954, -0.9447149197693715, -1.7643163281446983, -2.2297310839735167, -4.081824774287859, -4.8104445596433045]"
2,8,"[-26.125205025824044, -6.41345633263744, -26.66769420946026, -17.63453809772393, -24.378864327051712, -2.713243355904126, -10.54849845627435, -20.237852129406065, -29.87051227571676, -28.4883681058181, -7.395136583269726, -15.697820106222736, -10.041309661746592, -1.2378672843475924, -18.108925162523853, -19.67358298652221, -29.264060493668662, -26.063817197762248, -15.60799084631342, -12.596697569035399, -21.53736428757023, -4.595335578634887, -6.956133634430711, -29.86940411190932]","[-2.0849447570013546, -2.724297752931752, -9.364477085884902, -11.314712479653874, -0.26876696566154934, -1.033217582287117, -9.121824905691815, -5.553994108505869, -8.878454804328292, -13.66192467884839, -6.4711502232813425, -5.7875126735580835, -11.30444744613277, -11.409306855083459, -0.10461372086373766, -14.147131432540341, -12.880227914094037, -11.883769591936693, -10.494363928330134, -11.294474229524003, -10.571287630257205, -4.801529691922308, -0.888451219210904, -6.2025070129134345]","[-20.1227375594427, -0.6915320493934505, -6.084744917683194, -3.6489036129621457, -3.3568965909955155, -12.393740554795075, -16.51564489483457, -18.412084656326442, -15.919145819974265, -3.8173248267270496, -2.55754611800577, -1.7675645044501174, -5.59199258862902, -15.846436751685998, -10.338983615326706, -12.929495673196064, -9.65944812828753, -3.5902051766861884, -3.0313900818458572, -5.935923988230443, -11.637276129859675, -4.264335576316134, -8.63890723158615, -4.932419957075509]","[-1.2208553409478085, -0.9127815154810184, -1.6322724097813115, -1.4141695112887755, -7.122699379449184, -6.919340758148614, -1.4170721330670024, -1.0431222169994125, -2.7773180787228346, -4.073153768395138, -3.9234514476153812, -3.5011573159140297, -6.8340516752032405, -6.504853357987811, -7.273388850028747, -3.2241185329300586, -1.0479828157112325, -0.6400974172345703, -4.089633284705363, -2.867957649887845, -6.285247014790102, -5.90133920113404, -3.3525872804820183, -4.74113466813138]"
2,10,"[-2.2668270653277096, -0.835810848064163, -5.484840287462371, -3.6074352147290596, -0.31014085056153423, -5.231761451373254, -1.3352022477725987, -0.6900042818627264, -2.948147529930537, -0.7951429610742508, -4.601514945316207, -5.255145699408137, -0.9959194509634816, -0.03771819282719386, -5.292121615390705, -1.34298523831818, -5.332178440735541, -3.333292559379372, -4.6462368198754875, -0.4238840511701844, -3.7431948997668205, -4.173909178951274, -4.656340097924884, -3.0106751328293133]","[-2.6941582807967834, -1.6578050921290113, -1.4280367111898526, -0.6203835478739922, -0.9565233685488862, -2.2266965573328172, -1.0189565903369129, -0.07813084484494912, -2.1313233242001437, -2.6631533591289687, -0.8920551798701373, -2.135911213990261, -1.424086594791661, -0.9978188795080277, -1.5249075213871042, -0.2935266421183367, -1.3337600250604045, -0.20558235198867678, -2.7890542218033776, -1.5042200648070057, -0.8050981839730508, -1.1254149135171403, -2.6396761561711557, -2.1821955925823513]","[-3.002797741999047, -1.7820778477328496, -3.213992618482603, -3.328012956955535, -2.149193835151274, -0.5807300579993435, -2.4988708187198894, -0.20099134925442483, -2.206082225780414, -2.0183769110334397, -1.9000841175281482, -0.1326506856100171, -1.8022121745935338, -0.9359314096867917, -1.5349980917227053, -0.44548110947059866, -3.2246948257206918, -0.6931388378979716, -1.5153744232393702, -4.115046570024311, -0.3228501853860765, -1.3066950023151358, -1.4025033566713245, -2.8495040987660616]","[-0.06174869219259839, -0.6429696983255087, -1.266429834716573, -0.5739064938355491, -0.8506472870549148, -1.3453120463327115, -0.8488773724977678, -0.6194032883815236, -0.5290691491245428, -1.2461139253266678, -1.2341004321909252, -0.6312366349932178, -0.9029611335980902, -1.0695416316904334, -0.633637492204813, -0.031934017526469384, -0.5377594412431361, -1.0648673973217149, -1.2500844549189125, -1.2068167784871389, -1.3690836310056391, -1.2265243963075405, -0.018907530498666506, -0.3997323938214723]"
2,12,"[-8.62098145991775, -1.7935635332139686, -6.098898806541884, -1.4400184272816787, -7.279385371738521, -10.96879566407918, -5.9601569642636925, -8.435516930138764, -7.999569761375479, -5.025909252893201, -11.055969708786966, -1.0070379606540847, -2.39750780296778, -11.157628508823885, -0.9563851200206778, -10.073952090938743, -7.8773538246135955, -0.5579282999934753, -9.16224353121054, -6.031473069721998, -8.021875142909913, -1.0895482453461185, -7.238916616128617, -9.449925992658972]","[-0.4056203538641914, -0.9752073387576864, -3.6239061350403174, -2.4470762050561135, -3.297650780211225, -4.586239716090012, -3.478022620571253, -0.8597805401644261, -0.3075730053206877, -0.5676327533813961, -4.2551685378854, -5.252711403246553, -5.218902486859009, -5.141677021461097, -0.6322967629945295, -1.8513933411324044, -0.24912111050084354, -1.5732173248990284, -2.572779180025379, -5.09288482950902, -0.8710088870004102, -0.23215003619965432, -2.373256780220456, -5.518634917582331]","[-5.923509818434964, -5.908665491469349, -7.145652305158758, -7.4951324363610965, -7.116048325040142, -4.088502616490767, -7.823225929078972, -3.3217789967451057, -8.254219600027414, -2.692761097083538, -5.104812920691681, -1.0368678845127015, -1.809180042275915, -0.869546212647173, -3.1266664488130127, -5.084083152311332, -0.4601807111115793, -8.36633547347248, -1.4128111505163963, -7.37053212256048, -6.294346075043936, -0.7445944698654755, -2.527569340862922, -7.6208197490152045]","[-1.3973349145990788, -0.063931880913348, -1.2789636907597652, -2.7987737583936445, -2.4019744600561306, -0.2129856327959093, -0.1074651156350022, -0.04465074279771519, -0.3118833630229988, -2.3999596556857705, -2.004020510378409, -0.9332695117835214, -0.9069221307739794, -1.6671505482136555, -1.5270434275427962, -2.0611438426739626, -0.7622726565805626, -1.4876330468226378, -2.0106515606364765, -0.8915501810459313, -2.73947084163503, -0.038260669230687355, -0.09450215550081502, -0.07890214777139128]"
2,14,"[-2.6778724307228616, -0.055517458724892624, -1.424201370544459, -2.7540678243141374, -3.446290474334365, -5.258072201251455, -0.9782162502522938, -3.4498030615516666, -0.4121485966384288, -3.9244209951326328, -3.8639384259706473, -1.1305681657345015, -3.0126825914884368, -2.691417326847981, -0.3311032174683503, -1.2627385305299474, -3.80280364349445, -4.351538951804242, -5.877924687219817, -5.901830871199728, -2.721439580124833, -5.66031250626891, -2.781263589727949, -5.80575646503112]","[-2.547662059482007, -0.9058949001396849, -2.3222388971309966, -0.8719841885733818, -2.3934035686377135, -2.9933394227970536, -2.268974016705076, -1.691497921965658, -1.2033300338850803, -1.642285851107117, -1.8196035274389828, -0.9763370400607088, -1.59153768599935, -0.5932966265828231, -3.0981794779227108, -0.6100967976117406, -2.4462559150489174, -0.0628612964620595, -1.843938504788018, -0.7762962538183384, -1.5197370891429551, -0.9424511323904186, -1.6565610991082054, -1.967135303199081]","[-3.212396706667046, -0.7081306172311765, -1.758754118589906, -1.6464673263135348, -1.1673159888016844, -1.0544185997778854, -2.8748866203540593, -1.771575609552039, -3.4436821779797815, -1.75305431887532, -3.3095788093821357, -4.512337271594042, -2.0095315711701907, -3.7600825372752635, -1.6753533098055597, -3.50646070508321, -4.270987530429137, -2.167974583193594, -2.1132032159132264, -1.2109435948412761, -3.728668352059585, -3.856449662507366, -4.003680785715032, -1.9530644564718962]","[-1.3253769616081514, -0.7753555232735502, -1.3279015115589416, -0.2146251153773911, -0.17078541458136445, -0.9885625395305522, -1.3159281749812886, -1.2001227257700078, -0.08505964935999986, -1.3775304777836492, -0.4459278316986413, -0.544727597944965, -1.0947480916044028, -0.6705589326436153, -1.375998116270837, -0.49052804066205996, -1.2799521336322734, -0.07383139325939787, -0.6807486026520592, -0.14862790862652625, -1.3639996245360155, -1.4243920776742856, -0.14663092070479924, -1.4823575739419708]"
2,15,"[-7.720120427625615, -5.2117663315063325, -0.37242911202863255, -7.5407930781833175, -0.9260833211541535, -1.210496248170684, -3.557098585648192, -1.9627430185957453, -6.492361488316183, -0.0350211435936324, -3.3343361799512627, -4.517135806410383, -3.7991650382178452, -5.96767707138095, -3.9507375003848666, -1.8798490703628663, -4.583281087747564, -2.518425247577685, -5.7819379395209545, -3.994034033317066, -2.8534571277867866, -8.176044836295262, -1.1948193841819572, -1.5948769282895834]","[-2.7391861762469043, -2.436873193222876, -3.861308256087182, -1.1703481216082676, -3.036630771677414, -3.37132640959198, -0.657116444839571, -1.939721402872453, -4.024758995046475, -0.2663245365249229, -3.314061325471528, -1.1174153910166809, -2.0448653628495506, -0.21918117395290712, -3.256653694779928, -2.4711500802955015, -1.3716379632686404, -0.40218750451857405, -2.72150839646606, -0.47636709732854127, -0.8451042825079003, -1.7543850767355855, -0.6442553935554199, -2.2784393561497223]","[-4.361618759005903, -1.8863432149396733, -5.226099939714159, -1.1131797614284045, -0.26431614177158574, -5.530548876935208, -3.265107660432811, -3.9841593047968393, -5.822139522165274, -3.29289340333369, -1.1955325110113104, -3.8128575319007822, -2.574164673839846, -1.4461802141474884, -3.8497500634032282, -3.9674171388914643, -2.1832969824052033, -0.3837526293235173, -1.4869221636649916, -0.8075572309105457, -0.18472339836353482, -3.2864753145973444, -4.646373272428087, -2.4146440156494613]","[-0.16876257405953698, -1.7874816624926204, -0.5629599134890299, -1.2890810014062464, -1.7501842997468355, -1.8971590643731282, -1.0363561546855344, -0.4269318084243472, -0.7331361346537877, -0.5787129181158946, -0.7283921501589473, -1.593397120374086, -1.1338510024928834, -1.0356963908632568, -0.6728406800273146, -1.4666632735022345, -2.011441298578047, -0.9228006289039099, -0.1414012815540479, -1.4917580428396593, -0.4037920989582111, -0.05493849118519601, -1.3272053833641881, -1.741685021492475]"
2,16,"[-2.179743082310356, -0.21009695988206856, -1.6777150348015737, -3.015470272396127, -2.128425800893484, -3.323246065247301, -2.1890718491893457, -2.664666200276937, -1.8745458119835843, -1.2661060115005656, -1.715371358181262, -3.4985809674632122, -1.9681110694755728, -0.34684305714670166, -1.6889379114598349, -0.12044213498497652, -1.2791052448703522, -1.7734415933937906, -0.094123300627239, -0.40021975658887166, -2.5260574223643326, -2.5272892833251945, -0.6355218968257733, -2.1407495411652673]","[-1.7057468077946623, -0.8759300271883942, -0.5449009831691731, -1.72944465732076, -1.5775737617930623, -1.49708217624938, -0.6334536461784023, -0.9662874711920115, -0.5320452663709816, -0.17386004955952522, -0.4536024412977956, -1.077555152155607, -1.6723284370766198, -0.8044373605820135, -1.4364564937639528, -1.4076300715157937, -0.755200485617753, -1.6690548642719922, -0.36330965255583836, -1.6428747912828379, -0.15160785878559824, -1.2896230148730392, -0.41159418673197723, -0.7663871449086472]","[-1.6680036115376127, -2.4288269758004084, -2.385292223256995, -1.6350391072973414, -2.21511578793856, -0.9444436245506022, -0.30054119541206953, -1.0650509241609876, -1.0627729779114614, -2.0772560730131535, -2.3498336403239692, -2.151277285275461, -2.514804029967919, -1.7104865179031163, -0.4142873518656949, -0.20666680897573164, -0.4605230107116714, -2.2474394983193635, -1.7964121533402924, -0.5548412565727204, -2.5834919369321323, -2.26162442373603, -2.6139316991458905, -1.3397925748950217]","[-0.13724488298490978, -0.038657963825729, -0.8384723085181306, -0.7547262280394009, -0.531718943794717, -0.20018496615826595, -0.6877159061170199, -0.7467477230191737, -0.4440269306374019, -0.37023956128330837, -0.21810924446629493, -0.41059757870302693, -0.8315549671446933, -0.6617103953440653, -0.12951308464465522, -0.8142955624909087, -0.47549200001653485, -0.593977980756769, -0.5527312382770986, -0.1702090412971006, -0.41396291299701704, -0.3315559483537162, -0.14748320136335236, -0.429207985855499]"
2,17,"[-2.2732056767849653, -6.095472689514241, -1.2853136994201502, -3.836366171506505, -4.829243399726949, -0.5959065769987086, -2.560225841821093, -6.297259806977935, -0.40920339212903256, -0.05338147987379349, -6.910175156389667, -1.4817272763075353, -1.7346964760401504, -0.2796007583341117, -3.0958553403658113, -7.0617603721881235, -0.5588612103160375, -4.640851863326576, -8.759132784393334, -7.36285137326548, -7.468072052830772, -4.716418338858391, -4.221302794779307, -3.365142108136353]","[-2.9864540120398795, -4.18671929062478, -2.99475623396143, -3.3926352552933636, -3.6509386253004967, -3.0439738986131206, -3.821517517859123, -0.23942876842072874, -4.4685753397581, -3.939146523799555, -2.1682939918755295, -2.4785304264440176, -3.7219803871871293, -3.619808434698381, -2.2498549937363546, -2.4529707877624753, -0.8778460463989814, -2.2066061529258723, -1.644219326310489, -1.695177384186, -1.111675468110017, -2.1950394031801506, -0.2550856424830677, -1.7536164124711826]","[-6.10800143540704, -4.68581831313396, -4.555028012091056, -0.7967044591459644, -5.747531552035379, -3.1579531485977563, -0.35489124852733384, -1.6742167167163566, -6.722252640094862, -0.48740808685875875, -2.5464524849413905, -3.500873105976573, -6.593923279942552, -5.976869939659721, -2.328009961775572, -2.307425185274103, -2.4554684199332293, -0.0055202712656858555, -1.4722317846439261, -4.885626742724336, -0.7262566399780478, -5.3716448171937925, -4.091818789008073, -5.987787483718428]","[-1.5264336552433901, -2.2397081502842378, -0.03529953209304476, -1.1225883288383247, -1.800929589727768, -0.34131558827917097, -0.07413697153528034, -0.964027728139322, -2.082567588666287, -0.25587231805774735, -1.0207475872019787, -0.0005618130466539806, -1.1183358103315433, -1.0407843388834308, -1.803216140685866, -0.6725023794763374, -0.33759563722638586, -2.1205312468032496, -1.5325810060011653, -1.0784119215971772, -1.8914716396925515, -0.4547602155370588, -0.43927432727905835, -1.4393785179451881]"
2,18,"[-1.9018490288004228, -1.0201752141594242, -1.5937666713601293, -2.457272394521262, -0.8343924046173807, -2.655377483789437, -0.7210800381877296, -1.4603696177360774, -1.2730868757281895, -0.12488505010244602, -0.1729540807616875, -1.1021382552852974, -1.0469371350404484, -2.0303287820886777, -0.8400930902711018, -2.257855362431019, -2.904971947577522, -2.482684653225286, -2.4392856934506315, -2.628694249517537, -2.5725902497107125, -0.08616548794428916, -2.621679115369704, -0.8510617551637382]","[-1.146715374827276, -0.8621142472615599, -0.7423906873906225, -0.3326940281935178, -0.35541042777260207, -1.4815522068687823, -0.3752187684524982, -1.3433129120969571, -1.0721584480849056, -1.0246097999530013, -0.804873430963572, -0.22765861585009387, -0.9758885205397365, -0.32809642013839135, -0.4334037509793495, -0.43813487020065056, -0.1398142785564959, -1.1442406881651772, -0.6348460400694894, -0.5035768383647137, -1.269247270477041, -0.2762561661114859, -0.7526991570674982, -0.45906729011841013]","[-1.0318741763360177, -0.16969813380608947, -1.6374326032993936, -1.8129752357704871, -1.4042846008234025, -1.9078935332993847, -0.383607480331817, -1.6915750988747917, -1.4478450253016155, -2.3778425692978127, -1.5840555616307783, -2.032942318019025, -2.1930081248887037, -0.47357543763585797, -1.413334939174378, -1.746669480481439, -2.242539271631696, -0.7358004410729626, -1.1034802673706605, -2.360568650257005, -0.17267741513930615, -1.546552223513159, -0.20336854759855932, -1.5109796314474349]","[-0.38366285864652305, -0.7700842293172838, -0.6499466293762791, -0.6349270716607792, -0.6912468397718871, -0.1903698988443086, -0.30745885255507777, -0.22204005498356666, -0.04257558214251054, -0.46333370156771325, -0.6212097263084425, -0.6148274593686776, -0.31738018872497503, -0.29245697448377744, -0.42418953271962795, -0.16416615714467506, -0.427785538408638, -0.29556991942321187, -0.7639284981346564, -0.18030385466031984, -0.19357648657166493, -0.7793647999318143, -0.1777363659206536, -0.6502872306285115]"
2,19,"[-6.938367687700931, -7.600767982626707, -9.033484794288256, -1.5819611814273902, -6.005956457424988, -5.36680203635628, -1.6122404364911735, -4.849665663330657, -8.629193630724592, -4.330660438434045, -3.134423362867042, -2.7341493569741173, -1.8099657898284724, -6.748510989793949, -6.672216683255433, -4.79876674930761, -5.064022080421281, -4.5365576230293705, -3.8716399411782483, -6.592288617609211, -6.803758733286971, -5.893507948925689, -3.9549769816350056, -5.729945447387476]","[-1.3812507470369118, -1.452199522155058, -2.1777529262690627, -0.7765613346913958, -2.3673766769164586, -2.4610895942867663, -2.629320973842516, -2.1966438810590554, -3.7828882445955974, -2.7408189022432246, -0.6304739610656686, -4.119904298907368, -1.3183938933601402, -2.687494203980732, -1.4020643246964442, -3.213571105883745, -0.47949948936443454, -3.435572881258021, -3.5319946312010386, -4.129671752417349, -1.9247138653198665, -3.487340959733731, -0.07862639940313143, -1.2123027020745112]","[-3.821246059841343, -4.525183151087454, -0.12056455361433854, -2.2897591055422777, -0.40387978829391635, -4.336646722445354, -5.686843075338264, -4.826786294302441, -5.176690518387832, -2.960177133186223, -6.87697030620932, -0.9077482566436573, -0.8646995132795441, -5.029344221380541, -1.178811783561616, -4.6816029953139076, -1.1472954419251715, -2.287722331895068, -6.8981474606608035, -6.475448215786148, -5.310865582092355, -0.27063610684043365, -4.410851301393427, -1.0280632582385758]","[-2.330309289322023, -0.005441124253222698, -1.0594516215250238, -0.870858961512738, -0.8441274126237287, -1.5019372597003835, -0.43745670019985883, -0.5022254367578637, -1.038473650347987, -0.40116030110234185, -0.018674491235441695, -0.11424962534345406, -1.041657678210743, -1.7622697683469777, -0.2344291994262472, -1.7696622357041585, -1.140406607026869, -1.7965448266751047, -1.08197760408763, -0.6909591737635364, -0.23897954794628967, -2.1240964009567187, -1.9892041485054026, -1.9127383117966645]"
2,20,"[-1.3850434227815869, -1.4992247147504192, -1.7929609011282879, -0.7641137624623832, -1.0466601857819964, -0.7635257809683952, -1.1863087772837513, -1.0962980662081403, -1.3838569416411006, -0.10423641752242235, -0.8505544021330333, -2.0529616184358908, -1.522056526708664, -0.9987936567887219, -2.1109356761535416, -0.17480560285749966, -0.49147530922795557, -1.0595164087401634, -0.41802256952183775, -0.5681320327284448, -1.6191057138159448, -1.9568907056867462, -1.4580979602126172, -0.4195921376907073]","[-0.38877977512050005, -0.6983232585112632, -0.05224167415221936, -0.009494908641905442, -0.19895453743934235, -0.7987047904800484, -0.4449126986359468, -1.048429170915097, -0.9228399563247337, -0.23485517971750722, -0.29550281662394395, -0.6121902656402232, -0.6765754122771012, -0.7885752591933455, -0.6528414350130051, -0.8330470754615691, -0.22942342190529488, -0.017895862857589886, -0.3330046980812109, -0.22115397598607286, -0.343076751336703, -1.053765380711341, -0.3280340885921087, -0.9041425260895254]","[-0.9081573897000291, -0.9161069730016854, -0.4531278515310583, -1.3314679705407606, -1.2174844258577082, -0.05284191151569414, -0.3779245501269299, -1.240570573546258, -0.4353951644601983, -0.8507042188880131, -1.0102510980758674, -0.48434417044961653, -0.37881693873182853, -1.000994973516275, -0.5237589843826035, -1.6424940345766739, -1.0031724152129606, -0.5308398292380233, -1.2377176723906427, -0.6377352871247769, -0.037201091799173754, -0.6206690734116961, -0.8483935075428245, -0.005633754811417718]","[-0.5012526066862855, -0.17282277220133618, -0.06489060120465182, -0.2877785462878324, -0.019028908745777263, -0.18402998762260211, -0.44361999441365346, -0.06758302110402979, -0.032519024304966296, -0.30191377917927303, -0.5420429442039921, -0.15217836951165697, -0.4970538233597691, -0.20722521774692776, -0.43213554646522273, -0.18522170995319254, -0.054695238648717656, -0.07369030669391131, -0.047334275254360625, -0.13479677360163014, -0.3407946305683662, -0.43106744192489627, -0.0748091101508581, -0.132592167358629]"
2,21,"[-11.85913399184602, -15.647840482268778, -4.17593004748883, -4.06079218052422, -13.533575919425221, -8.924381498123243, -10.473793486119822, -16.600405164320172, -9.019244290280287, -13.87931697846365, -8.533979720507926, -3.5904996269075657, -0.7211628934584807, -3.116947335871494, -1.8561383170298442, -12.008530591707077, -0.4645630518567298, -12.681213624989985, -6.455136617137958, -13.883345775427161, -17.172889640265947, -0.35020013542491485, -8.383503019877779, -3.61253342593347]","[-5.650988219499138, -8.654164450472093, -0.8223374492597197, -5.157919659814549, -5.489533879787684, -2.1832735907645837, -6.843734610922426, -2.039114901649296, -7.30548996842434, -4.668532687040059, -2.3307434076033213, -1.5242996867791914, -1.4027709799441175, -5.377482903710019, -3.223964392999944, -3.7942156476691244, -0.7707592493056181, -3.8078188981127585, -3.428260683914199, -1.1620261551457383, -8.66771064281228, -1.7822894223932235, -6.121967225156076, -0.28529784075837883]","[-9.569301057347412, -10.15445602546201, -2.5718072447770237, -0.9795352235019905, -12.650329436394927, -5.806434563544266, -2.772862157387221, -7.6413656260364515, -9.501049955966955, -1.5267761053521849, -10.4183398165531, -12.02855778339285, -11.282154457116574, -11.507802215167349, -3.519546391451754, -1.2339225697772114, -5.076872289441379, -9.004585835733005, -0.06571941030493994, -12.7075194556092, -10.379322054405552, -6.329583596735234, -11.965192174259245, -9.378416209665847]","[-3.706167061804777, -2.9068498274435957, -2.0543587666609215, -3.030931722638679, -0.5653248149945729, -1.7348248771671346, -2.9413708472178253, -3.846880662033624, -2.622711685927648, -2.3028278303166787, -0.06976147579357383, -0.8664156023770544, -2.6408790982620785, -3.0512149376262827, -2.7206562810420145, -0.4859907447937644, -2.4509141205679055, -1.9110550296000566, -1.8507838885348198, -2.191017172042984, -0.19391360452169368, -2.062279417433567, -1.9585971931718382, -1.875898396943871]"
2,23,"[-1.8372614121464463, -2.8739889286300695, -0.4103452370055024, -0.7972356988155607, -2.8787672524548853, -2.8668208219930476, -2.560828803507523, -0.7680415901269133, -1.5025784631400265, -0.7971907676393588, -2.9785783519189994, -2.2770904161235115, -0.7346434991031878, -0.9132950580947323, -0.6487479122240143, -2.3315678865853995, -0.8634551230027268, -0.29188085632122734, -1.9318969217289077, -2.256708082392434, -2.2986789321987953, -2.281662498346413, -0.04314343814356647, -1.3265381090902784]","[-1.1161491458575994, -1.0944708515394408, -0.6924795126810444, -0.36810305420176326, -0.7493141238731438, -0.1793802159034389, -0.6864488969586932, -1.0448453865847596, -1.3782865535838047, -0.39052427526061406, -0.09388031998591728, -0.16933958995184356, -1.1403919017609163, -0.15458513041283448, -0.8651208145968923, -0.2808593716032881, -1.2624416328204635, -0.8227387478367204, -0.4197886673508201, -0.4166867177433522, -1.477463546398898, -0.5583667862912541, -0.4047214458517598, -1.289392462425167]","[-0.9876067018786866, -0.5536919259942789, -0.8170315794744014, -1.0931114970384193, -0.3523144868062343, -2.382920747271512, -1.4758871366117272, -1.764937422099127, -0.8936194508281499, -0.6081218058298421, -2.084791835010569, -0.27289927793896945, -1.5240089809826602, -1.4411881754453821, -0.36627895669616534, -2.296098805162541, -1.3501163654014772, -0.36709141936135364, -2.205651753775844, -1.4636036272281256, -0.12028589978838963, -0.3228634870312813, -1.306048180844677, -2.149166772454394]","[-0.35812608341706387, -0.4096509361888879, -0.21842962134691027, -0.5653484039726181, -0.43420534558360346, -0.10061468708268287, -0.5746988613398375, -0.5813100948478745, -0.7064868703880047, -0.4742733879691394, -0.5169140742039516, -0.1589823970988861, -0.5359564559072089, -0.1528482283652365, -0.2466155677758879, -0.6565196976345924, -0.6333828279153461, -0.26159576525094774, -0.5996144959521454, -0.42751829590367135, -0.13061324106266525, -0.6421989839728331, -0.3069270931816112, -0.32180619499500573]"
2,24,"[-2.6985776426021175, -4.986112031308006, -1.2288257877918285, -4.154758325044655, -6.068007953078026, -5.485389924241134, -6.235325267451794, -7.398803518231982, -0.8430755189121422, -0.13739077536378858, -1.7376312405436725, -8.400174849028556, -2.189267988699672, -2.461865788846554, -3.1244773231485437, -8.113947222210182, -2.1825060971688424, -3.581690608563275, -2.0328666456895377, -6.853343150810558, -3.0030342309124682, -7.8773115653504355, -3.7621225421252507, -2.0160779882652977]","[-2.979440021987555, -3.0708854988972822, -4.253345440296418, -0.5519115119313631, -2.858303209475356, -3.836052478298411, -2.8222246619712967, -3.918816320052588, -2.571797942270484, -3.489962032736091, -1.3704564136772448, -1.9567339441771343, -1.1922048150871052, -3.0749338324143967, -3.365779283832023, -2.972202250190758, -2.8781507259651775, -2.924761408381391, -3.2593229100888883, -3.8833108295659056, -1.5775770069832185, -0.04357251007176345, -3.6374427216508427, -3.165232200211726]","[-1.2511891581837682, -2.4044881380393197, -6.00818656352315, -4.12095302347949, -6.50706045807978, -1.2791618006161565, -4.831185421765614, -4.778816321827975, -3.7931707988451397, -2.4837665556587254, -3.3656980479259704, -0.0819189583995467, -1.2379919361649667, -0.4748988161672391, -5.265465763812132, -0.7394260570583938, -5.190778161257138, -2.42313667246031, -1.8809982342221137, -0.02703815009301539, -3.062905920374183, -1.1540511917278213, -1.1433493807622057, -5.70300859213329]","[-0.10854323803402623, -0.6733260841284608, -0.330421157212786, -1.0783414041633794, -0.4366145191956868, -2.0856493299162144, -0.6686981036569062, -1.1057332585736113, -1.0227206912590667, -0.0010703926140124913, -1.8110415603070222, -1.5122423394824447, -1.2274047713414888, -0.5939877465496141, -0.9222411582558654, -0.699603364619021, -1.1839699989323322, -1.807335720357858, -1.8206023155502795, -1.6439143748011884, -2.09064914028892, -1.0660177960055937, -1.9135883349607534, -0.7204753631627808]"
2,26,"[-2.4940425782965323, -0.20166845424381802, -1.945902530321623, -1.3334768187916919, -1.6437168386535288, -0.7081952340112301, -2.2485702071102187, -1.2725115251410077, -0.11952317504112286, -2.8166069266690275, -2.393762087482873, -2.0114093438213105, -2.0766005369732987, -1.1718331487394473, -2.7439207101607748, -3.481039683220258, -0.8888051290356822, -1.227410274270561, -0.9861438341420156, -0.9206976396943342, -1.9939406293839548, -1.2628752308909672, -1.1757103908363722, -0.033293725735958624]","[-1.1133503287352868, -1.694980223302688, -1.567613757554907, -1.1598931049064152, -1.3211156852261403, -1.1687905532503184, -1.4324300134156545, -0.6900854839248802, -1.6972371560683985, -0.06856154538663795, -1.326705186295423, -1.164847772384705, -0.6531314931322936, -0.2932825230460162, -1.455400992846044, -0.6581828707794548, -0.7303197980879822, -0.31318594169147973, -1.573616860326759, -0.07987017477538899, -0.22039841448219064, -0.8635453082573903, -1.285923189772865, -0.3652233749212771]","[-0.1566131130271745, -1.861933875611885, -0.6610540201199641, -0.05099523568914238, -0.6186761500877319, -0.48628127711614916, -1.1600771901101938, -1.2182091326991462, -2.314593481633316, -2.3956893137429844, -1.695086652328975, -0.22156954293735723, -2.5504489540982362, -2.418476615743776, -0.001857602961379226, -0.7247233653756496, -0.9099070111542488, -1.7171049859050365, -1.1063707761021007, -1.4669369276432924, -2.518289446789977, -2.1544197696015943, -1.3205432903923495, -1.9867898932027188]","[-0.17612498140138852, -0.5871561968880451, -0.7483114488364607, -0.6565962961911086, -0.44590217346147965, -0.264651369751001, -0.1171066543231546, -0.2744231678702312, -0.08093504943819418, -0.5187545106898226, -0.3786815645823619, -0.2957924860863989, -0.2530365852977322, -0.15580933913366668, -0.6833705520016885, -0.6653746238024664, -0.6044397871496854, -0.6828453145811518, -0.2449898654389513, -0.6837964241502175, -0.14364866600845982, -0.6329112622177919, -0.37759882950760204, -0.4594761902203919]"
2,29,"[-0.20157358183559904, -1.325841667718796, -0.7061562109131669, -1.1308217078864908, -1.9504698032738867, -0.2949049687467172, -1.2256617045202314, -0.023029979565509163, -1.8320264196718257, -0.7944744806641739, -2.393027902044548, -0.35407927754310825, -0.7929948648811984, -2.310816477765118, -1.0088314239881948, -1.8888051556111045, -0.4440231306023339, -1.0047165275639445, -1.7393427979614915, -1.93851690243933, -0.9831131543757277, -0.5629443009137214, -1.6592915534676955, -0.808089721041027]","[-0.20836957571301234, -0.23597736195539948, -1.0321617881987135, -0.5374333162616918, -0.7528038884377019, -0.18291934162405526, -0.6986127947360189, -0.9097796167711224, -0.07162448154856475, -0.02783917359953314, -0.13177507166022545, -0.5629408290076336, -0.8635935308897235, -0.18648054342549206, -0.1360502201988004, -0.16550940049554946, -1.1165907267899615, -0.29945617694707366, -0.42439798155096425, -0.8323774087357525, -0.8415912583719991, -0.17738983714543588, -1.071621442578428, -1.1415641487994719]","[-0.000941404618352193, -0.7932073814619717, -1.5774452513305084, -0.12288276061874906, -1.4621964521654407, -1.1387036581955696, -1.5500087642257543, -0.10478241380681422, -1.3162624517639399, -1.3514562683805338, -0.36471150049686796, -0.8997245335434194, -1.4254536086686258, -0.4147767475898599, -1.029983614686165, -0.8848269756751526, -0.9375143108470928, -0.5470002318173957, -1.049732207717289, -1.5351689909048902, -1.1335190850661743, -1.6290642731516505, -0.6592917730115112, -0.9480935170970654]","[-0.03594539039508406, -0.401831259957459, -0.5194098912017344, -0.09723667538579621, -0.40405403304355575, -0.4639027581479388, -0.21274306352773556, -0.3636634603047412, -0.130959039568542, -0.019120456627173963, -0.32786871657387756, -0.1565394337676206, -0.009147795493046606, -0.34798859349124983, -0.5326800154872349, -0.3469475276048864, -0.5048597990395337, -0.13697525043044897, -0.0481564998959439, -0.5599530347014413, -0.5972579643814757, -0.33907942446026745, -0.4229120344892267, -0.2615895591600545]"
2,30,"[-8.542793852792052, -8.59554807565396, -8.941918155801163, -4.203538130296804, -10.214755729085788, -5.272411373395373, -5.566721904674611, -7.372010758970452, -10.10403581563855, -0.7520878665217698, -2.895361468133563, -8.455938649625837, -10.260888750027304, -9.201419860955154, -3.871905899297567, -1.9642588500633782, -6.841451352387388, -5.499174313016753, -9.727124098472466, -2.9396241399407477, -8.470488633714448, -4.0992092710907535, -2.941206779144604, -9.814200254001921]","[-1.026262950617345, -3.288892467967722, -1.144495484583277, -1.539931783894464, -1.3891090047448804, -3.427039933573018, -3.1037551703283683, -2.0223904083580777, -1.1260270716964544, -2.8142888385975033, -2.891362538347093, -2.0827681869430315, -2.5515077359426237, -2.900818244573869, -0.5228444545032044, -1.0965282480569596, -3.4511220815185957, -3.6335927785015705, -3.1844886916401602, -1.1287230207814505, -3.853539359399498, -1.0011069774298265, -0.01174458455198769, -3.3992509026774487]","[-2.175772221336412, -3.0768378541900874, -1.3870751679211726, -6.278033553862957, -1.3369254681287395, -3.50011747033693, -1.9221382642617169, -6.856091004180933, -5.046874908354308, -6.930834191127751, -7.148412006586341, -4.40179182406358, -3.303313666506373, -2.6304899135906994, -0.5954166602294684, -5.247895965665122, -4.013599726191458, -3.324488038135546, -2.3635474474778033, -3.4308532634142734, -0.3623928354884197, -0.9795921359132617, -4.6096281546652405, -7.888786631944834]","[-1.4439105029171184, -0.44530120398518397, -1.9524713627598744, -0.568222602738206, -2.2614433254202715, -2.209429529192052, -1.2340098434555569, -2.123727957715506, -2.580989934640945, -0.523801840424604, -2.3839795627428124, -1.7490688727859367, -0.6479252659187074, -2.0345752341955885, -1.4425664435799412, -0.6412928224653338, -1.9542574281114742, -0.30202182209210515, -1.8539415313174734, -1.7091797625149665, -1.1412421819518086, -1.7285723636202945, -0.27751021831245337, -1.5286564100836115]"
3,2,"[-10.607620335061295, -16.61308466480456, -14.033048807355385, -11.947857989675585, -8.628960522835467, -12.166857215311204, -10.85487774568255, -13.02151718558278, -2.098141178551969, -15.902391383634756, -13.056521566935032, -9.116395592752431, -6.603695749815959, -9.822665050825684, -16.997536361757135, -4.143723615016297, -15.380445567700324, -18.791828504182945, -15.272109023455798, -13.444711691600663, -9.901652384781434, -17.731748693637, -9.514030334384609, -17.021278011765578]","[-4.616011139663939, -4.317597627664144, -7.252429345437638, -4.756493626012636, -6.872432490943819, -8.548110056323303, -0.5938665705071322, -4.248375444510666, -7.954998746433376, -3.123617526920973, -4.153198048964674, -4.818466885594167, -8.516783453570042, -8.669138046697293, -4.168478275802292, -0.29571612436353645, -6.809052696879013, -1.869741370060397, -2.9782873665427987, -7.581756948360606, -7.106152655176265, -6.437603022557573, -5.485126071920069, -1.614847274213418]","[-2.930039519538602, -1.9346229153805072, -12.319293928348984, -2.3095815262393913, -13.294822608029092, -3.82389507885677, -10.584589125371545, -8.235409982138664, -12.955638905877489, -8.377642307056194, -6.162542449333113, -3.85901334376626, -4.290039489360515, -13.535578147900232, -10.458731659412038, -4.735573257104571, -9.935256981208358, -10.216246781287651, -7.783632898404325, -9.612409298573986, -9.000046651349745, -2.7821746172639084, -13.565067958397567, -11.710889713446253]","[-0.06894492540115704, -0.42515819718993486, -2.9138856197145273, -0.9178799414718614, -0.5881279685004842, -1.377652505636956, -2.4075286407541334, -4.812905394159495, -4.437558159714668, -1.1120868447639853, -2.797609419883117, -3.836773780736441, -3.8422865976760203, -0.9295123262706467, -0.4900079049015593, -3.769771247762769, -1.396503458542947, -3.1111764108854323, -3.556748214744494, -3.986396663337506, -3.8230549161969645, -0.2370025876379539, -3.124420619553126, -3.7441236908346465]"
3,3,"[-31.613410721726723, -18.29801854087201, -23.694471780717812, -36.83227172601679, -41.055487875576006, -28.629065146416497, -11.687869697455492, -40.35398653169986, -3.4874619548771735, -42.972571664694605, -18.285022978395677, -13.035977839741921, -3.516966041011548, -28.39966888140525, -38.230506660106855, -9.064854637148724, -7.101706583585568, -23.302360574607945, -12.552517647678448, -30.627673142438915, -34.84941070452412, -17.809748756323014, -39.81489345181333, -33.1225508536916]","[-0.7366703359368119, -10.38782308958301, -12.625587552479791, -18.980112039384252, -13.99261815619512, -15.563964676297822, -8.456877616111354, -0.8373884758963714, -17.484264585245423, -5.0476879464538085, -6.669288286668297, -20.890145814324093, -5.808647178151784, -19.230279123638187, -1.261862207402522, -6.535173318902172, -14.271052776470304, -20.152350032425524, -6.705803744578196, -12.788398351713521, -14.991850164670993, -17.562485329436775, -14.445307460314414, -22.453099241281226]","[-16.790685803219354, -31.595549500715332, -1.390371760392365, -23.289481732924024, -5.505409334586885, -21.347805259975868, -9.062497892501924, -30.17636094799819, -24.665398565699316, -8.768793164387025, -4.2603768040188426, -13.89786293687752, -33.48420863031006, -0.010819167002589641, -4.831752654193489, -27.735033916957494, -21.628861301340436, -9.420613324388576, -19.41670685673883, -7.673514963120536, -20.212753012709204, -2.750768782218848, -5.68305464713292, -22.142058335172614]","[-1.6091872968815935, -2.4767473120673573, -8.480266665430374, -3.128992203108114, -8.270554789178046, -5.030469593021339, -6.629592412015881, -3.566235450138897, -9.90002808478796, -8.59059839250809, -6.463920743709038, -9.282247151686224, -9.748555577243408, -4.259963824370346, -5.848764784089039, -1.5480309391444644, -2.666304218887537, -2.5181828295439845, -3.5924267933172818, -6.442005169920016, -2.089052946409316, -6.823607437389084, -6.998874982081897, -0.8018475569618093]"
3,4,"[-16.602220457130556, -16.905824230181246, -12.494268615959001, -15.843196406460134, -29.36031853586728, -7.192511159891106, -17.126492617282697, -34.13838593966312, -33.97673323009809, -24.87412725832254, -10.232245948197463, -36.38981667722891, -1.2935043797280654, -24.325161339000942, -20.29713640289757, -17.52624096591716, -19.961227002678218, -3.7981632598663495, -26.589934100012492, -1.5135526502865693, -37.502376904970816, -32.58023265409089, -17.39411914693948, -32.99179027231103]","[-7.686672073557128, -5.971160740554673, -19.692643575515646, -3.9981948932590794, -1.7139316897022594, -14.443924311975477, -1.4859606211415533, -19.22580102900543, -12.616901377265805, -16.647540148458138, -12.458946256579624, -2.6589651323071584, -3.9294065072451523, -10.918740923473514, -3.6574095405431506, -12.563743963560103, -2.261463912649777, -2.161582592042237, -8.106586383990717, -4.137336843363131, -2.3446656392078546, -12.561557282486465, -7.438689980403104, -17.50966805662692]","[-5.239028719723995, -3.4444511508515943, -7.840556738674614, -23.340891086100346, -7.973280026241939, -17.248562861607212, -2.1508358967951913, -27.97033242838133, -28.534554270921863, -5.090793588405519, -8.98738804577433, -15.684815219714288, -16.979848472668078, -16.193656876574387, -5.910377426829601, -29.36757028488681, -20.851074774305967, -23.542331371206757, -27.968952135649904, -0.877077340632435, -5.578267665230805, -27.24801649817751, -24.162767571822254, -10.724968688235926]","[-3.259024036552447, -6.014062983673822, -6.296193528274266, -7.886625221754308, -7.579018616243753, -0.7944067979492275, -7.490710328599368, -4.330868881949827, -6.438063639169675, -7.623655330795502, -4.887247379950097, -2.7656415781559684, -1.4337837562098021, -6.295488812280256, -2.358155871734642, -9.100414573745386, -1.2328724812506664, -2.131253367489653, -7.235952764096288, -6.004601051277849, -3.709944871012244, -5.923119579311998, -6.575309623865225, -4.967945036224025]"
3,5,"[-50.0349066466693, -48.07066114189807, -9.575207543075104, -13.116893212746248, -57.31357920461021, -18.01641750371582, -19.187896839316803, -28.019679058187986, -34.565454073798925, -47.22993599026598, -15.682510680438641, -26.968844514204577, -1.5465498899523022, -9.56436309290281, -41.79858602047604, -40.10302469238131, -28.365648702123107, -59.277460681402296, -39.0886072438983, -43.93298736664579, -26.425814607484966, -56.87647325614491, -45.54554504852771, -39.13053431842608]","[-5.241220438058386, -11.890380172172542, -14.075632789579087, -27.210061258158863, -11.82682062343993, -11.075199297936466, -29.56229308896471, -16.600873789125615, -0.8225822434119368, -21.482616255562903, -7.7910695182180305, -20.4839090536693, -2.0233489851316833, -27.76430632677674, -12.40768299612499, -10.54505082516258, -0.04393971618704029, -20.89378646389204, -22.855250974573302, -1.9434786671591553, -16.43274263909679, -23.854334421829822, -10.062462343761421, -4.959324380723455]","[-22.20311190387648, -1.2711455642480933, -20.87963284233058, -21.9363691318023, -23.80971146782555, -0.696311374137642, -37.837433134106796, -15.983788434919608, -33.03739434244718, -31.964051624316543, -34.10888273470423, -5.961811557895204, -2.5933912739256653, -20.90608470915291, -20.44918813085922, -36.2596714601251, -11.479614816745435, -19.39844464486752, -8.378554910346088, -19.67397054344118, -34.601528379219346, -22.72825406908484, -42.632413153995415, -22.753918752779015]","[-9.059678346246045, -9.421177171034275, -7.527757331513653, -6.631281671144549, -11.871144368030103, -14.068301887140839, -11.898905865389212, -11.484999853918609, -14.30483377576628, -0.40727188097320677, -7.5229841985293735, -0.08574368312450453, -9.688311167705393, -12.363764666966235, -8.417066826428501, -14.458397696158038, -11.341101052380388, -1.9442623473700305, -2.6866098634949087, -2.9115724460425874, -3.9550461677562785, -3.6420135274938, -10.452467388161798, -10.33319945807087]"
